{
  "baseline": {
    "accuracy": 0.9230769230769231,
    "f1_macro": 0.9150326797385621,
    "f1_weighted": 0.9210658622423329,
    "classification_report": {
      "Subscription & Billing": {
        "precision": 0.8888888888888888,
        "recall": 1.0,
        "f1-score": 0.9411764705882353,
        "support": 8.0
      },
      "Video & Streaming Playback": {
        "precision": 1.0,
        "recall": 0.8,
        "f1-score": 0.8888888888888888,
        "support": 5.0
      },
      "accuracy": 0.9230769230769231,
      "macro avg": {
        "precision": 0.9444444444444444,
        "recall": 0.9,
        "f1-score": 0.9150326797385621,
        "support": 13.0
      },
      "weighted avg": {
        "precision": 0.9316239316239316,
        "recall": 0.9230769230769231,
        "f1-score": 0.9210658622423329,
        "support": 13.0
      }
    },
    "n_test": 13
  },
  "finetuned": {
    "accuracy": 0.9230769230769231,
    "f1_macro": 0.9150326797385621,
    "f1_weighted": 0.9210658622423329,
    "classification_report": {
      "Subscription & Billing": {
        "precision": 0.8888888888888888,
        "recall": 1.0,
        "f1-score": 0.9411764705882353,
        "support": 8.0
      },
      "Video & Streaming Playback": {
        "precision": 1.0,
        "recall": 0.8,
        "f1-score": 0.8888888888888888,
        "support": 5.0
      },
      "accuracy": 0.9230769230769231,
      "macro avg": {
        "precision": 0.9444444444444444,
        "recall": 0.9,
        "f1-score": 0.9150326797385621,
        "support": 13.0
      },
      "weighted avg": {
        "precision": 0.9316239316239316,
        "recall": 0.9230769230769231,
        "f1-score": 0.9210658622423329,
        "support": 13.0
      }
    },
    "n_test": 13
  },
  "delta": {
    "accuracy": 0.0,
    "f1_macro": 0.0,
    "f1_weighted": 0.0
  }
}