Model,F1-Score,Accuracy,Time (sec)
Logistic Regression,0.9138827292885965,0.8763795757559945,1.274306058883667
Linear SVM,0.9115520186053272,0.8729877110131239,20.629781484603882
Random Forest,0.9086732818816612,0.8703264017533332,162.431809425354
