model,accuracy,precision,recall,f1_score
Logistic Regression,0.8765883058940173,0.8867425711163595,0.9431260075732014,0.9140656226154573
Naive Bayes,0.8730398935476296,0.8949827929722877,0.9262550144340719,0.9103504182173257
Linear SVM,0.8732486236856524,0.8842157173553137,0.9411014883965059,0.9117721840833969
Random Forest,0.8708482270983902,0.8913348946135832,0.927492220597608,0.9090541632983024
