Model,Coherence_Score,Time
LDA,0.4726132633242489,5.709126710891724
BERTopic,0.39788772214749524,45.28648591041565
