Vectorizer,F1-Score,Time (sec),Vocabulary Size
Uni-gram TF-IDF,0.9129346011468389,4.157885313034058,5000
Bi-gram TF-IDF,0.9137946696219319,4.95087456703186,5000
Tri-gram TF-IDF,0.9136264534883721,7.381527662277222,5000
Char-level TF-IDF,0.9101529699536344,13.058984756469727,5000
